{"cameraMode":{"drawMode":0,"name":"Shaded","section":"Shading Mode"},"sceneLighting":false,"audioPlay":false,"sceneViewState":{"showFog":true,"showMaterialUpdate":false,"showSkybox":false,"showFlares":true,"showImageEffects":true,"showParticleSystems":true},"in2DMode":false,"pivot":{"x":19.299999237060548,"y":20.770000457763673,"z":169.60000610351563},"rotation":{"x":0.3550798296928406,"y":-0.004206143785268068,"z":0.0016004948411136866,"w":0.9348331093788147},"size":50.85641860961914,"orthographic":true}