{"cameraMode":{"drawMode":0,"name":"Shaded","section":"Shading Mode"},"sceneLighting":false,"audioPlay":false,"sceneViewState":{"showFog":true,"showMaterialUpdate":false,"showSkybox":false,"showFlares":true,"showImageEffects":true,"showParticleSystems":true},"in2DMode":false,"pivot":{"x":-0.3622741401195526,"y":1.0425903797149659,"z":-0.17470702528953553},"rotation":{"x":0.2945161461830139,"y":0.21986736357212068,"z":-0.06988134235143662,"w":0.9274415969848633},"size":8.12978744506836,"orthographic":true}