{"cameraMode":{"drawMode":0,"name":"Shaded","section":"Shading Mode"},"sceneLighting":true,"audioPlay":false,"sceneViewState":{"showFog":true,"showMaterialUpdate":false,"showSkybox":true,"showFlares":true,"showImageEffects":true,"showParticleSystems":true},"in2DMode":false,"pivot":{"x":34.72185134887695,"y":21.610132217407228,"z":63.28266143798828},"rotation":{"x":0.232186958193779,"y":0.09641536325216294,"z":-0.023154957219958307,"w":0.9676496386528015},"size":300.0574645996094,"orthographic":true}